"% Model","T sweep - SOFC_NH3_Ni_GDC_MS.mph","","",""
"% Version","COMSOL 6.2.0.415","","",""
"% Date","Aug 9 2024, 09:37","","",""
"% Table","Table 11 - Domain Probe - Average Current Density","","",""
"% T (degC)","V_cell (V)","Average cell current density (A/cm^2)","Volume flow (ml/min)","Mass outflow (ug/s)"
"746","0.22","1.3799955107137","91.437352398256","270.58483852236"
"746","0.32","1.2687756511838","87.293559010813","254.49056157562"
"746","0.42","1.0983407480961","87.065275708684","240.22424095586"
"746","0.52","0.92879820434595","86.833985186059","226.06194229419"
"746","0.62","0.76167828836821","86.542783335517","212.04502395396"
"746","0.72","0.59829798343104","86.16400860916","198.25756814376"
"746","0.82","0.43866011077402","85.864337811744","184.93795487476"
"746","0.92","0.26555071833679","86.519982945609","172.85160491601"
